Workbook

Sheet Rank
A1: Name | B1: Score | C1: Rank
A2: Alice | B2: 95 | C2: =RANK(B2,$B$2:$B$7,0) -> 1
A3: Bob | B3: 94 | C3: =RANK(B3,$B$2:$B$7,0) -> 2
A4: Charlie | B4: 94 | C4: =RANK(B4,$B$2:$B$7,0) -> 2
A5: David | B5: 92 | C5: =RANK(B5,$B$2:$B$7,0) -> 4
A6: Eva | B6: 91 | C6: =RANK(B6,$B$2:$B$7,0) -> 5
A7: Frank | B7: 90 | C7: =RANK(B7,$B$2:$B$7,0) -> 6

Sheet Vlookup
A1: ID | B1: Name | C1: Score
A2: 101 | B2: Alice | C2: 95
A3: 102 | B3: Bob | C3: 82
A4: 103 | B4: Charlie | C4: 88
A9: Find the Score for BOB
A10: Name | B10: Score
A11: Charliee | B11: =IFERROR(VLOOKUP(A11,B1:C4,2,0),"Name for Found") -> Name for Found
A14: Find the Score for BOB
A15: Score | B15: Name
A16: 82 | B16: =_xlfn.XLOOKUP(A16,C1:C4,B1:B4,"Data Not Found",0) -> Bob

Sheet Hlook
A1: OrderID | B1: 1 | C1: 2 | D1: 3 | E1: 4 | F1: 5
A2: UnitPrice | B2: 456 | C2: 789 | D2: 876 | E2: 678 | F2: 765
A3: Quantity | B3: 55 | C3: 66 | D3: 76 | E3: 78 | F3: 998
B9: OrderID | C9: 5
B10: UnitPrice | C10: =_xlfn.XLOOKUP(C9,A1:F1,A2:F2,"ID not found",0) -> 765
B11: Quantity | C11: =_xlfn.XLOOKUP(C9,A1:F1,A3:F3,"ID not available",0) -> 998

Sheet xlookup
A1: ID | B1: Name | C1: Score
A2: 101 | B2: Alice | C2: 95
A3: 102 | B3: Bob | C3: 82
A4: 103 | B4: Charlie | C4: 88
A7: ID | B7: 102
A8: Name | B8: =_xlfn.XLOOKUP(B7,A1:A4,B1:B4,"ID not found",0) -> Bob
A9: Alice | B9: =_xlfn.XLOOKUP(A9,B1:B4,A1:A4,"Data Not Avaiable",0) -> 101

Sheet Data
A1: Product ID | B1: Product Name | C1: Opening Stock | D1: Purchase/ Stock in | E1: Number of Units Sold | F1: Hand-In- Stock | G1: Cost Price Per Unit (USD) | H1: Cost Price Total (USD)
A2: P101 | B2: Smartphones | C2: 70 | D2: 30 | E2: 20 | F2: 80 | G2: 900 | H2: 72000
A3: P102 | B3: Ethernet Cable | C3: 70 | D3: 30 | E3: 15 | F3: 75 | G3: 25 | H3: 750
A4: P103 | B4: Laptop | C4: 50 | D4: 20 | E4: 10 | F4: 60 | G4: 1200 | H4: 72000
A5: P104 | B5: Keyboard | C5: 60 | D5: 25 | E5: 15 | F5: 70 | G5: 50 | H5: 3500
A6: P105 | B6: Router | C6: 55 | D6: 22 | E6: 12 | F6: 65 | G6: 150 | H6: 9750
A7: P106 | B7: USB Flash Drive | C7: 50 | D7: 25 | E7: 12 | F7: 63 | G7: 20 | H7: 1260
A8: P107 | B8: RAM | C8: 50 | D8: 22 | E8: 11 | F8: 61 | G8: 80 | H8: 4880
A9: P108 | B9: HDD | C9: 60 | D9: 25 | E9: 12 | F9: 73 | G9: 60 | H9: 4380
A10: P109 | B10: Mouse Pad | C10: 50 | D10: 20 | E10: 8 | F10: 58 | G10: 10 | H10: 580
A11: P110 | B11: USB-C Cable | C11: 50 | D11: 20 | E11: 9 | F11: 61 | G11: 8 | H11: 488
A12: P111 | B12: Monitor | C12: 40 | D12: 15 | E12: 5 | F12: -5 | G12: 500 | H12: 25000
A13: P112 | B13: Headphones | C13: 30 | D13: 10 | E13: 3 | F13: -6 | G13: 100 | H13: 3700
... A47: P146 | B47: Gaming Desk | C47: 25 | D47: 10 | E47: 3 | F47: 28 | G47: 150 | H47: 4200

Sheet Data View
A1: Product ID | B1: Number of Units Sold
A2: P1011 | B2: =_xlfn.XLOOKUP(A2,Data!A1:A47,Data!E1:E47,"ID not available",0) -> ID not available
A3: P102 | B3: =_xlfn.XLOOKUP(A3,Data!A2:A48,Data!E2:E48,"ID not available",0) -> 15
A4: P103 | B4: =_xlfn.XLOOKUP(A4,Data!A3:A49,Data!E3:E49,"ID not available",0) -> 10
A5: P104 | B5: =_xlfn.XLOOKUP(A5,Data!A4:A50,Data!E4:E50,"ID not available",0) -> 15
A6: P105 | B6: =_xlfn.XLOOKUP(A6,Data!A5:A51,Data!E5:E51,"ID not available",0) -> 12
A7: P106 | B7: =_xlfn.XLOOKUP(A7,Data!A6:A52,Data!E6:E52,"ID not available",0) -> 12
A8: P107 | B8: =_xlfn.XLOOKUP(A8,Data!A7:A53,Data!E7:E53,"ID not available",0) -> 11
A9: P108 | B9: =_xlfn.XLOOKUP(A9,Data!A8:A54,Data!E8:E54,"ID not available",0) -> 12
A10: P1095 | B10: =_xlfn.XLOOKUP(A10,Data!A9:A55,Data!E9:E55,"ID not available",0) -> ID not available
A11: P110 | B11: =_xlfn.XLOOKUP(A11,Data!A10:A56,Data!E10:E56,"ID not available",0) -> 9
A12: P111 | B12: =_xlfn.XLOOKUP(A12,Data!A11:A57,Data!E11:E57,"ID not available",0) -> 5
A13: P112 | B13: =_xlfn.XLOOKUP(A13,Data!A12:A58,Data!E12:E58,"ID not available",0) -> 3
... A47: P146 | B47: =_xlfn.XLOOKUP(A47,Data!A46:A92,Data!E46:E92,"ID not available",0) -> 3

Sheet Nested Vlookup
A1: Name | B1: Salary
A2: Sana
A3: Ahmed
A4: Mary

Sheet Salary Sheet
A1: Emp ID | B1: Salary
A2: E101 | B2: 4000
A3: E102 | B3: 5000
A4: E103 | B4: 6000

Sheet Employee Sheet
A1: Employee Name | B1: Emp ID
A2: Sana | B2: E101
A3: Ahmed | B3: E102
A4: Mary | B4: E103
